countyname,mo,crash19,fatal19,rate19,crash20,fatal20,rate20,pchange
Washington,June,2349,1,0.04257130693912303,1381,3,0.2172338884866039,410.282404055033
