countyname,mo,crash19,fatal19,rate19,crash20,fatal20,rate20,pchange
Washington,June,2526,3,0.1187648456057007,1204,3,0.24916943521594684,109.800664451827
